avchd_60p,recmode_60p_14spr.png,,,
avchd_50p,recmode_50p_14spr.png,,,
avchd_ph,recmode_ph_14spr.png,,,
avchd_ha,recmode_ha_14spr.png,,,
avchd_he,recmode_he_14spr.png,,,
avchd_pm,recmode_pm.png,,,
mov_24p4096x2160,rs_c4_2160.png,br_100m.png,mov_semipro.png,fr_24p.png
mov_59.94p2160,rs_4k_2160.png,br_150m.png,mov_semipro.png,fr_60p.png
mov_50p2160,rs_4k_2160.png,br_150m.png,mov_semipro.png,fr_50p.png
mov_29.97p2160,rs_4k_2160.png,br_100m.png,mov_semipro.png,fr_30p.png
mov_25p2160,rs_4k_2160.png,br_100m.png,mov_semipro.png,fr_25p.png
mov_23.98p2160,rs_4k_2160.png,br_100m.png,mov_semipro.png,fr_24p.png
mov_59.94p1080_200mbps,rs_hd_1080.png,br_all_i.png,mov_semipro.png,fr_60p.png
mov_50p1080_200mbps,rs_hd_1080.png,br_all_i.png,mov_semipro.png,fr_50p.png
mov_59.94p1080_100mbps,rs_hd_1080.png,br_100m.png,mov_semipro.png,fr_60p.png
mov_50p1080_100mbps,rs_hd_1080.png,br_100m.png,mov_semipro.png,fr_50p.png
mov_59.94p1080_50mbps,rs_hd_1080.png,br_50m.png,mov_semipro.png,fr_60p.png
mov_50p1080_50mbps,rs_hd_1080.png,br_50m.png,mov_semipro.png,fr_50p.png
mov_29.97p1080_200mbps,rs_hd_1080.png,br_all_i.png,mov_semipro.png,fr_30p.png
mov_25p1080_200mbps,rs_hd_1080.png,br_all_i.png,mov_semipro.png,fr_25p.png
mov_23.98p1080_200mbps,rs_hd_1080.png,br_all_i.png,mov_semipro.png,fr_24p.png
mov_29.97p1080_50mbps,rs_hd_1080.png,br_50m.png,mov_semipro.png,fr_30p.png
mov_25p1080_50mbps,rs_hd_1080.png,br_50m.png,mov_semipro.png,fr_25p.png
mov_23.98p1080_50mbps,rs_hd_1080.png,br_50m.png,mov_semipro.png,fr_24p.png
mov_59.94i1080,rs_hd_1080.png,br_50m.png,mov_semipro.png,fr_60i.png
mov_50i1080,rs_hd_1080.png,br_50m.png,mov_semipro.png,fr_50i.png
mp4_24p4096x2160_lpcm,rs_c4_2160.png,br_100m.png,mp4_lpcm_semipro.png,fr_24p.png
mp4_59.94p2160_lpcm,rs_4k_2160.png,br_150m.png,mp4_lpcm_semipro.png,fr_60p.png
mp4_50p2160_lpcm,rs_4k_2160.png,br_150m.png,mp4_lpcm_semipro.png,fr_50p.png
mp4_29.97p2160_lpcm,rs_4k_2160.png,br_100m.png,mp4_lpcm_semipro.png,fr_30p.png
mp4_25p2160_lpcm,rs_4k_2160.png,br_100m.png,mp4_lpcm_semipro.png,fr_25p.png
mp4_23.98p2160_lpcm,rs_4k_2160.png,br_100m.png,mp4_lpcm_semipro.png,fr_24p.png
mp4_59.94p1080_200mbps_lpcm,rs_hd_1080.png,br_all_i.png,mp4_lpcm_semipro.png,fr_60p.png
mp4_50p1080_200mbps_lpcm,rs_hd_1080.png,br_all_i.png,mp4_lpcm_semipro.png,fr_50p.png
mp4_59.94p1080_100mbps_lpcm,rs_hd_1080.png,br_100m.png,mp4_lpcm_semipro.png,fr_60p.png
mp4_50p1080_100mbps_lpcm,rs_hd_1080.png,br_100m.png,mp4_lpcm_semipro.png,fr_50p.png
mp4_59.94p1080_50mbps_lpcm,rs_hd_1080.png,br_50m.png,mp4_lpcm_semipro.png,fr_60p.png
mp4_50p1080_50mbps_lpcm,rs_hd_1080.png,br_50m.png,mp4_lpcm_semipro.png,fr_50p.png
mp4_29.97p1080_200mbps_lpcm,rs_hd_1080.png,br_all_i.png,mp4_lpcm_semipro.png,fr_30p.png
mp4_25p1080_200mbps_lpcm,rs_hd_1080.png,br_all_i.png,mp4_lpcm_semipro.png,fr_25p.png
mp4_23.98p1080_200mbps_lpcm,rs_hd_1080.png,br_all_i.png,mp4_lpcm_semipro.png,fr_24p.png
mp4_29.97p1080_50mbps_lpcm,rs_hd_1080.png,br_50m.png,mp4_lpcm_semipro.png,fr_30p.png
mp4_25p1080_50mbps_lpcm,rs_hd_1080.png,br_50m.png,mp4_lpcm_semipro.png,fr_25p.png
mp4_23.98p1080_50mbps_lpcm,rs_hd_1080.png,br_50m.png,mp4_lpcm_semipro.png,fr_24p.png
mp4_59.94i1080_lpcm,rs_hd_1080.png,br_50m.png,mp4_lpcm_semipro.png,fr_60i.png
mp4_50i1080_lpcm,rs_hd_1080.png,br_50m.png,mp4_lpcm_semipro.png,fr_50i.png
mp4_59.94p2160,rs_4k_2160.png,br_150m.png,mp4_semipro.png,fr_60p.png
mp4_50p2160,rs_4k_2160.png,br_150m.png,mp4_semipro.png,fr_50p.png
mp4_29.97p2160,rs_4k_2160.png,br_100m.png,mp4_semipro.png,fr_30p.png
mp4_25p2160,rs_4k_2160.png,br_100m.png,mp4_semipro.png,fr_25p.png
mp4_59.94p1080_50mbps,rs_hd_1080.png,br_50m.png,mp4_semipro.png,fr_60p.png
mp4_50p1080_50mbps,rs_hd_1080.png,br_50m.png,mp4_semipro.png,fr_50p.png
